Drivers (DV),,,,,,,,,,,,,,,,
Number,Driver,,WG,AC,ON,OF,MT,SL,SW,SA,SG,TL,TW,TA,TG,IV
#1,,"Mario
Mro",6,2,4,2,3,7,7,7,7,4,4,4,4,3
#2,,"Luigi
Lig",6,2,5,1,3,7,7,7,7,5,5,5,5,3
#3,,"Peach
Pch",4,3,3,3,4,6,6,6,6,5,5,5,5,1
#4,,"Daisy
Dsy",4,3,3,3,4,6,6,6,6,5,5,5,5,1
#5,,"Yoshi
Ysi¹",4,3,3,3,4,6,6,6,6,5,5,5,5,1
#6,,"Toad
Kno",3,4,3,4,4,4,4,4,4,7,7,7,7,3
#7,,"Toadette
Knc",2,5🟊,4,2,4,3,3,3,3,7,7,7,7,3
#8,,"Koopa Troopa
Nok",2,4,1,5🟊,4,3,3,3,3,8,8,8,8,4
#9,,"Bowser
Kop",10🟊,0,6,0,0,10🟊,10🟊,10🟊,10🟊,0,0,0,0,6🟊
#10,,"Donkey Kong
Dkg",8,1,10🟊,0,1,9,9,9,9,2,2,2,2,4
#11,,"Wario
Wro",9,0,5,1,0,10🟊,10🟊,10🟊,10🟊,1,1,1,1,5
#12,,"Waluigi
Wlg",8,1,10🟊,0,1,9,9,9,9,2,2,2,2,4
#13,,"Rosalina
Rst",7,1,9,3,2,8,8,8,8,3,3,3,3,4
#14,,"Metal Mario
MroM",10🟊,1,8,1,1,8,8,8,8,3,3,3,3,3
#15,,"Pink Gold Peach
PchG",10🟊,1,8,1,1,8,8,8,8,3,3,3,3,3
#16,,"Lakitu
Jgm",2,4,1,5🟊,4,3,3,3,3,8,8,8,8,4
#17,,"Shy Guy
Hyh¹",3,4,3,4,4,4,4,4,4,7,7,7,7,3
#18,,"Baby Mario
MroB²",1,5🟊,2,4,5🟊,2,2,2,2,8,8,8,8,5
#19,,"Baby Luigi
LigB",1,5🟊,2,4,5🟊,2,2,2,2,8,8,8,8,5
#20,,"Baby Peach
PchB",0,4,3,5🟊,5🟊,1,1,1,1,10🟊,10🟊,10🟊,10🟊,6🟊
#21,,"Baby Daisy
DsyB",0,4,3,5🟊,5🟊,1,1,1,1,10🟊,10🟊,10🟊,10🟊,6🟊
#22,,"Baby Rosalina
RstB",0,5🟊,4,3,5🟊,1,1,1,1,9,9,9,9,6🟊
#23,,"Larry
Lry",3,4,3,4,4,4,4,4,4,7,7,7,7,3
#24,,"Lemmy
Lmy",0,5🟊,4,3,5🟊,1,1,1,1,9,9,9,9,6🟊
#25,,"Wendy
Wdy",2,5🟊,4,2,4,3,3,3,3,7,7,7,7,3
#26,,"Ludwig
Ldw",6,2,4,2,3,7,7,7,7,4,4,4,4,3
#27,,"Iggy
Igy",6,2,5,1,3,7,7,7,7,5,5,5,5,3
#28,,"Roy
Roy",8,1,10🟊,0,1,9,9,9,9,2,2,2,2,4
#29,,"Morton
Mtn",10🟊,0,6,0,0,10🟊,10🟊,10🟊,10🟊,0,0,0,0,6🟊
#30,,"Mii (medium)
MiiM²³",6,2,4,2,3,7,7,7,7,4,4,4,4,3
#31,,"Tanooki Mario
MroT",5,3,7,1,4,6,6,6,6,5,5,5,5,1
#32,,"Link
Lnk",7,1,9,3,2,8,8,8,8,3,3,3,3,4
#33,,"Villager (male)
Mrb",5,3,7,1,4,6,6,6,6,5,5,5,5,1
#34,,"Isabelle
Shz",2,5🟊,4,2,4,3,3,3,3,7,7,7,7,3
#35,,"Cat Peach
PchC",3,4,2,3,4,5,5,5,5,6,6,6,6,3
#36,,"Dry Bowser
KopB³",9,0,5,1,0,10🟊,10🟊,10🟊,10🟊,1,1,1,1,5
#37,,"Villager (female)
Mrg",3,4,2,3,4,5,5,5,5,6,6,6,6,3
#38,,"Gold Mario
MroG",10🟊,1,8,1,1,8,8,8,8,3,3,3,3,3
#39,,"Dry Bones
Krn",1,5🟊,2,4,5🟊,2,2,2,2,8,8,8,8,5
#40,,"Bowser Jr.
KopJ",2,4,1,5🟊,4,3,3,3,3,8,8,8,8,4
#41,,"King Boo
Ktr",7,1,9,3,2,8,8,8,8,3,3,3,3,4
#42,,"Inkling Girl
Spg¹",3,4,2,3,4,5,5,5,5,6,6,6,6,3
#43,,"Inkling Boy
Spb¹",5,3,7,1,4,6,6,6,6,5,5,5,5,1
#44,,Link (Breath of the Wild),7,1,9,3,2,8,8,8,8,3,3,3,3,4
#45,,Birdo¹,4,3,3,3,4,6,6,6,6,5,5,5,5,1
#46,,Kamek,6,2,5,1,3,7,7,7,7,5,5,5,5,3
#47,,Petey Piranha,10🟊,1,8,1,1,8,8,8,8,3,3,3,3,6🟊
#48,,Wiggler,8,1,10🟊,0,1,9,9,9,9,2,2,2,2,4
#49,,Diddy Kong,3,4,2,3,4,5,5,5,5,6,6,6,6,3
#50,,Funky Kong,9,0,5,1,0,10🟊,10🟊,10🟊,10🟊,1,1,1,1,5
#51,,Pauline,7,1,9,3,2,8,8,8,8,3,3,3,3,4
#52,,Peachette,4,3,3,3,4,6,6,6,6,5,5,5,5,1
"1: Even though there are multiple versions of the characters having different colors, only one set of statistics is defined for them.
2: Small-sized Miis are programmed to have the same statistics as Baby Mario.
3: Large-sized Miis are programmed to have the same statistics as Dry Bowser.
All data sourced from https://www.mariowiki.com/Mario_Kart_8_Deluxe_in-game_statistics",,,,,,,,,,,,,,,,