Bodies (DB),,,,,,,,,,,,,,,,
Number,Body,,WG,AC,ON,OF,MT,SL,SW,SA,SG,TL,TW,TA,TG,IV
#1,,Standard Kart,2,4,3,3,5,3,3,3,3,3,2,3,3,3
#2,,Pipe Frame,1,6,3,4,6,2,3,1,1,5🟊,4,4,2,3
#3,,Mach 8,3,3,2,4,5,3,3,5🟊,4🟊,2,2,4,2,3
#4,,Steel Driver,4🟊,1,1,3,3,4,5🟊,2,0,1,5🟊,1,1,6
#5,,Cat Cruiser,2,5,4🟊,3,6,2,2,3,4🟊,4,2,3,4🟊,3
#6,,Circuit Special,3,1,3,1,3,5🟊,1,4,2,1,1,2,0,6
#7,,Tri-Speeder,4🟊,1,1,3,3,4,5🟊,2,0,1,5🟊,1,1,6
#8,,Badwagon,4🟊,0,2,5,3,5🟊,2,3,1,0,1,1,0,7🟊
#9,,Prancer,1,2,1,2,4,4,3,3,3,3,3,2,3,5
#10,,"Biddybuggy
Buggybud",0,7🟊,1,4,7🟊,0,1,2,1,5🟊,4,5🟊,4🟊,0
#11,,Landship,0,6,0,6,6,2,5🟊,0,2,4,5🟊,2,3,2
#12,,"Sneeker
Bounder",2,2,1,0,4,4,2,3,3,3,2,3,2,5
#13,,"Sports Coupe
Sports Coupé",3,3,2,4,5,3,3,5🟊,4🟊,2,2,4,2,3
#14,,"Gold Standard
Gold Kart",2,2,1,0,4,4,2,3,3,3,2,3,2,4
#15,,Standard Bike,1,5,3,5,5,2,2,4,3,4,3,4,3,4
#16,,Comet,2,5,4🟊,3,6,2,2,3,4🟊,4,2,3,4🟊,2
#17,,Sport Bike,1,2,1,2,4,4,3,3,3,3,3,2,3,3
#18,,The Duke,2,4,3,3,5,3,3,3,3,3,2,3,3,3
#19,,Flame Rider,1,5,3,5,5,2,2,4,3,4,3,4,3,4
#20,,Varmint,1,6,3,4,6,2,3,1,1,5🟊,4,4,2,2
#21,,"Mr. Scooty
Mr Scooty",0,7🟊,1,4,7🟊,0,1,2,1,5🟊,4,5🟊,4🟊,0
#22,,Jet Bike,1,2,1,2,4,4,3,3,3,3,3,2,3,3
#23,,Yoshi Bike,2,5,4🟊,3,6,2,2,3,4🟊,4,2,3,4🟊,2
#24,,"Standard ATV
Standard Quad",4🟊,0,2,5,3,5🟊,2,3,1,0,1,1,0,6
#25,,Wild Wiggler,1,5,3,5,5,2,2,4,3,4,3,4,3,4
#26,,Teddy Buggy,2,5,4🟊,3,6,2,2,3,4🟊,4,2,3,4🟊,1
#27,,GLA,4🟊,0,2,5,3,5🟊,2,3,1,0,1,1,0,7🟊
#28,,W 25 Silver Arrow,1,5,3,5,5,2,2,4,3,4,3,4,3,4
#29,,300 SL Roadster,2,4,3,3,5,3,3,3,3,3,2,3,3,4
#30,,Blue Falcon,0,3,1,3,4,4,2,4,3,2,3,5🟊,1,4
#31,,Tanooki Kart,3,2,4🟊,7🟊,5,3,4,3,3,4,4,3,3,4
#32,,B Dasher,3,1,3,1,3,5🟊,1,4,2,1,1,2,0,6
#33,,Master Cycle,2,2,1,0,4,4,2,3,3,3,2,3,2,3
#34,,Streetle,0,6,0,6,6,2,5🟊,0,2,4,5🟊,2,3,3
#35,,P-Wing,3,1,3,1,3,5🟊,1,4,2,1,1,2,0,6
#36,,City Tripper,1,6,3,4,6,2,3,1,1,5🟊,4,4,2,2
#37,,Bone Rattler,4🟊,1,1,3,3,4,5🟊,2,0,1,5🟊,1,1,5
#38,,Koopa Clown,3,2,4🟊,7🟊,5,3,4,3,3,4,4,3,3,3
#39,,Splat Buggy,0,3,1,3,4,4,2,4,3,2,3,5🟊,1,3
#40,,Inkstriker,3,3,2,4,5,3,3,5🟊,4🟊,2,2,4,2,1
#41,,Master Cycle Zero,3,2,4🟊,7🟊,5,3,4,3,3,4,4,3,3,3
All data sourced from https://www.mariowiki.com/Mario_Kart_8_Deluxe_in-game_statistics,,,,,,,,,,,,,,,,