Tires (TR),,,,,,,,,,,,,,,,
Number,Body,,WG,AC,ON,OF,MT,SL,SW,SA,SG,TL,TW,TA,TG,IV
#1,,"Standard
Normal",2,4,2,5,4,2,3,2,3,3,3,3,3,4
#2,,Monster,4🟊,2,3,7🟊,3,3,2,2,1,0,1,0,1,6🟊
#3,,Roller,0,6🟊,0,4,6🟊,0,3,0,3,4🟊,4🟊,4🟊,4🟊,0
#4,,Slim,2,2,4🟊,1,3,3,2,4🟊,2,4🟊,4🟊,3,4🟊,5
#5,,Slick,3,1,4🟊,0,2,4🟊,0,4,0,2,0,2,1,5
#6,,Metal,4🟊,0,1,2,2,4🟊,3,1,2,2,2,1,0,6🟊
#7,,Button,0,5,1,3,5,1,2,2,2,3,3,4🟊,2,3
#8,,Off-Road,3,3,3,6,3,3,4🟊,2,1,1,1,2,2,6🟊
#9,,Sponge,1,4,2,6,5,1,1,1,4🟊,2,1,2,3,4
#10,,"Wood
Wooden",2,2,4🟊,1,3,3,2,4🟊,2,4🟊,4🟊,3,4🟊,5
#11,,Cushion,1,4,2,6,5,1,1,1,4🟊,2,1,2,3,6🟊
#12,,"Blue Standard
Normal Blue",2,4,2,5,4,2,3,2,3,3,3,3,3,4
#13,,"Hot Monster
Funky Monster",4🟊,2,3,7🟊,3,3,2,2,1,0,1,0,1,6🟊
#14,,Azure Roller,0,6🟊,0,4,6🟊,0,3,0,3,4🟊,4🟊,4🟊,4🟊,0
#15,,Crimson Slim,2,2,4🟊,1,3,3,2,4🟊,2,4🟊,4🟊,3,4🟊,5
#16,,Cyber Slick,3,1,4🟊,0,2,4🟊,0,4,0,2,0,2,1,5
#17,,Retro Off-Road,3,3,3,6,3,3,4🟊,2,1,1,1,2,2,6🟊
#18,,"Gold Tires
Gold Wheels",4🟊,0,1,2,2,4🟊,3,1,2,2,2,1,0,5
#19,,"GLA Tires
GLA Wheels",2,4,2,5,4,2,3,2,3,3,3,3,3,5
#20,,"Triforce Tires
Triforce Tyres",3,3,3,6,3,3,4🟊,2,1,1,1,2,2,5
#21,,"Leaf Tires
Leaf Tyres",0,5,1,3,5,1,2,2,2,3,3,4🟊,2,3
#22,,"Ancient Tires
Ancient Tyres",4🟊,2,3,7🟊,3,3,2,2,1,0,1,0,1,5
All data sourced from https://www.mariowiki.com/Mario_Kart_8_Deluxe_in-game_statistics,,,,,,,,,,,,,,,,