Gliders (WG),,,,,,,,,,,,,,,,
Number,Body,,WG,AC,ON,OF,MT,SL,SW,SA,SG,TL,TW,TA,TG,IV
#1,,Super Glider,1,1,1,1,1,1🟊,1🟊,0,2🟊,1🟊,0,1🟊,1,1🟊
#2,,Cloud Glider,0,2🟊,1,1,2,0,1🟊,1🟊,1,1🟊,0,1🟊,2🟊,0
#3,,Wario Wing,2🟊,1,2🟊,0,1,1🟊,0,1🟊,2🟊,1🟊,1🟊,0,1,1🟊
#4,,Waddle Wing,1,1,1,1,1,1🟊,1🟊,0,2🟊,1🟊,0,1🟊,1,1🟊
#5,,Peach Parasol,1,2🟊,2🟊,0,2🟊,0,0,1🟊,1,1🟊,1🟊,0,2🟊,0
#6,,Parachute,0,2🟊,1,1,2,0,1🟊,1🟊,1,1🟊,0,1🟊,2🟊,0
#7,,Parafoil,1,2🟊,2🟊,0,2🟊,0,0,1🟊,1,1🟊,1🟊,0,2🟊,0
#8,,Flower Glider,0,2🟊,1,1,2,0,1🟊,1🟊,1,1🟊,0,1🟊,2🟊,0
#9,,Bowser Kite,1,2🟊,2🟊,0,2🟊,0,0,1🟊,1,1🟊,1🟊,0,2🟊,0
#10,,Plane Glider,2🟊,1,2🟊,0,1,1🟊,0,1🟊,2🟊,1🟊,1🟊,0,1,1🟊
#11,,MKTV Parafoil,1,2🟊,2🟊,0,2🟊,0,0,1🟊,1,1🟊,1🟊,0,2🟊,0
#12,,Gold Glider,2🟊,1,2🟊,0,1,1🟊,0,1🟊,2🟊,1🟊,1🟊,0,1,1🟊
#13,,Hylian Kite,1,1,1,1,1,1🟊,1🟊,0,2🟊,1🟊,0,1🟊,1,1🟊
#14,,Paper Glider,0,2🟊,1,1,2,0,1🟊,1🟊,1,1🟊,0,1🟊,2🟊,0
#15,,Paraglider,2🟊,1,2🟊,0,1,1🟊,0,1🟊,2🟊,1🟊,1🟊,0,1,1🟊
All data sourced from https://www.mariowiki.com/Mario_Kart_8_Deluxe_in-game_statistics,,,,,,,,,,,,,,,,